<options>
	<profile n="colorcoding_profiles.Fortran" version="2">
		<p n="string,'">
			<attrs end="'" flags="multiline" doubles_char="'"/>
		</p>
		<p n="string,\oi[ZO]'">
			<attrs end="'" flags="regex multiline" doubles_char="'"/>
		</p>
		<p n='string,"'>
			<attrs end='"' flags="multiline" doubles_char='"'/>
		</p>
		<d n="k,goto"/>
		<d n="k,endenum"/>
		<d n="k,endblockdata"/>
		<d n="k,endinterface"/>
		<d n="k,endmodule"/>
		<d n="k,blockdata"/>
		<d n="op,.xor."/>
		<d n="k,associate"/>
		<d n="k,endtype"/>
		<d n="k,endforall"/>
		<d n="k,endsubroutine"/>
		<d n="k,endfunction"/>
		<d n="k,endselect"/>
		<d n="k,endassociate"/>
		<d n="k,where"/>
		<d n="k,enum"/>
		<d n="k,endwhere"/>
		<d n="k,forall"/>
		<d n="k,endprogram"/>
		<d n="op,.ne."/>
	</profile>
</options>
