<options>
	<profile n="color_profiles.GP1" version="2">
		<p n="associated_symbol_profile" v="All symbols - Light background"/>
		<p n="selection" fg="0x0" bg="0x62F9A2" flags="0x0" embg="0xE0B0B0"/>
		<p n="window_text" fg="0x0" bg="0xFFFFFF" flags="0x0" embg="0xCFCFCF"/>
		<p n="cline" fg="0xFF0000" bg="0xC8FFFF" flags="0x0" embg="0xC0E0E0"/>
		<p n="selected_cline" fg="0xFF0000" bg="0xC0D8D8" flags="0x0" embg="0xA0BCBC"/>
		<p n="message" fg="0x80000008" bg="0x80000005" flags="0x0"/>
		<p n="status" fg="0x80000008" bg="0x80000005" flags="0x0"/>
		<p n="cursor" fg="0xFA5050" bg="0xC0C0C0" flags="0x0" embg="0x909090"/>
		<p n="error" fg="0x0" bg="0xFFFFFF" flags="0x0" embg="0xCFCFCF"/>
		<p n="modified_line" fg="0x0" bg="0xFFFF" flags="0x0" embg="0xCFCF"/>
		<p n="inserted_line" fg="0x80" bg="0xFFFFFF" flags="0x0" embg="0xCFCFCF"/>
		<p n="keyword" fg="0xE17C00" bg="0xFFFFFF" flags="0x2000" embg="0xCFCFCF"/>
		<p n="linenum" fg="0x606060" bg="0xFFFFFF" flags="0x2000" embg="0xCFCFCF"/>
		<p n="number" fg="0x803030" bg="0xFFFFFF" flags="0x2000" embg="0xCFCFCF"/>
		<p n="string" fg="0xFF8080" bg="0xFFFFFF" flags="0x2000" embg="0xCFCFCF"/>
		<p n="comment" fg="0x808000" bg="0xFFFFFF" flags="0x0" embg="0xA0A0A0"/>
		<p n="ppkeyword" fg="0x4F9744" bg="0xFFFFFF" flags="0x2000" embg="0xCFCFCF"/>
		<p n="punctuation" fg="0x80" bg="0xFFFFFF" flags="0x2000" embg="0xCFCFCF"/>
		<p n="library_symbol" fg="0x5F0ADE" bg="0xFFFFFF" flags="0x2000" embg="0xCFCFCF"/>
		<p n="operator" fg="0x7300DB" bg="0xFFFFFF" flags="0x2000" embg="0xCFCFCF"/>
		<p n="user_defined" fg="0x804000" bg="0xFFFFFF" flags="0x2000" embg="0xCFCFCF"/>
		<p n="imaginary_line" fg="0x606060" bg="0xFFFF80" flags="0x0" embg="0xFFFF00"/>
		<p n="function" fg="0x0" bg="0xFFFFFF" flags="0x2001" embg="0xCFCFCF"/>
		<p n="lineprefixarea" fg="0x0" bg="0xFFF0F0" flags="0x0"/>
		<p n="filename" fg="0x0" bg="0xC0C0C0" flags="0x0" embg="0x909090"/>
		<p n="hilight" fg="0x0" bg="0xC0C0C0" flags="0x0" embg="0x909090"/>
		<p n="attribute" fg="0x0" bg="0xFFFFFF" flags="0x2000" embg="0xCFCFCF"/>
		<p n="unknown_tag" fg="0x80FF" bg="0xFFFFFF" flags="0x2001" embg="0xCFCFCF"/>
		<p n="xhtmlelementinxsl" fg="0xFF00FF" bg="0xFFFFFF" flags="0x2001" embg="0xCFCFCF"/>
		<p n="specialchars" fg="0xC0C0C0" bg="0xFFFFFF" flags="0x2000" embg="0xCFCFCF"/>
		<p n="current_line_box" fg="0x6618E7" bg="0x6618E7" flags="0x0"/>
		<p n="vertical_col_line" fg="0x8080FF" bg="0x8080FF" flags="0x0"/>
		<p n="margins_col_line" fg="0x808080" bg="0x808080" flags="0x0"/>
		<p n="truncation_col_line" fg="0xFF" bg="0xFF" flags="0x0"/>
		<p n="prefix_area_line" fg="0x808080" bg="0x808080" flags="0x0"/>
		<p n="block_matching" fg="0x0" bg="0xF700" flags="0x1" embg="0xCFCFCF"/>
		<p n="inc_search_current" fg="0x0" bg="0xFFFF80" flags="0x0" embg="0xCFCF50"/>
		<p n="inc_search_match" fg="0x0" bg="0x80FFFF" flags="0x0" embg="0x50CFCF"/>
		<p n="hex_mode_color" fg="0x80" bg="0xF0F0F0" flags="0x0" embg="0xC0C0C0"/>
		<p n="symbol_highlight" fg="0xFF0000" bg="0xFFFFFF" flags="0x2000" embg="0xCFCFCF"/>
		<p n="document_tab_modified" fg="0xFF" bg="0xFFFFFF" flags="0x0"/>
		<p n="line_comment" fg="0x808000" bg="0xFFFFFF" flags="0x0" embg="0xA0A0A0"/>
		<p n="documentation" fg="0x808000" bg="0xFFFFFF" flags="0x0" embg="0xA0A0A0"/>
		<p n="doc_keyword" fg="0x5C3000" bg="0xC0C0C0" flags="0x1" embg="0xA0A0A0"/>
		<p n="doc_punctuation" fg="0x808000" bg="0xFFFFFF" flags="0x1" embg="0xA0A0A0"/>
		<p n="doc_attribute" fg="0x604000" bg="0xC0C0C0" flags="0x1" embg="0xA0A0A0"/>
		<p n="doc_attr_value" fg="0x8000" bg="0xC0C0C0" flags="0x0" embg="0xA0A0A0"/>
		<p n="identifier" fg="0x0" bg="0xFFFFFF" flags="0x2000" embg="0xCFCFCF"/>
		<p n="floating_number" fg="0x803030" bg="0xFFFFFF" flags="0x2000" embg="0xCFCFCF"/>
		<p n="hex_number" fg="0x803030" bg="0xFFFFFF" flags="0x2000" embg="0xCFCFCF"/>
		<p n="singlequoted_string" fg="0xFF8080" bg="0xFFFFFF" flags="0x2000" embg="0xCFCFCF"/>
		<p n="backquoted_string" fg="0xFF8080" bg="0xFFFFFF" flags="0x2000" embg="0xCFCFCF"/>
		<p n="unterminated_string" fg="0xAC37F2" bg="0xFFFFFF" flags="0x2000" embg="0xCFCFCF"/>
		<p n="inactive_code" fg="0x808080" bg="0xFFFFFF" flags="0x2000" embg="0xCFCFCF"/>
		<p n="inactive_keyword" fg="0x808080" bg="0xFFFFFF" flags="0x2001" embg="0xCFCFCF"/>
		<p n="imaginary_space" fg="0x8000" bg="0xFF80" flags="0x0" embg="0xFF00"/>
		<p n="inactive_comment" fg="0x808080" bg="0xFFFFFF" flags="0x2000" embg="0xCFCFCF"/>
		<p n="modified_item" fg="0x0" bg="0xFFFFFF" flags="0x0"/>
		<p n="navhint" fg="0xFF8000" bg="0xFFFFFF" flags="0x0"/>
		<p n="xml_character_ref" fg="0xC00060" bg="0xFFFFFF" flags="0x2000" embg="0xCFCFCF"/>
		<p n="search_result_truncated" fg="0xC0C0C0" bg="0xFFFFFF" flags="0x0"/>
		<p n="markdown_header" fg="0xFF4C4C" bg="0xFFFFFF" flags="0x2000" embg="0xCFCFCF"/>
		<p n="markdown_code" fg="0x5800FF" bg="0xFFFFFF" flags="0x2000" embg="0xCFCFCF"/>
		<p n="markdown_blockquote" fg="0x40C0" bg="0xFFFFFF" flags="0x2000" embg="0xCFCFCF"/>
		<p n="markdown_link" fg="0xC00060" bg="0xFFFFFF" flags="0x2000" embg="0xCFCFCF"/>
		<p n="document_tab_active" fg="0x80000008" bg="0x80000005" flags="0x0"/>
		<p n="document_tab_selected" fg="0x80000008" bg="0x80000005" flags="0x0"/>
		<p n="document_tab_unselected" fg="0x80000008" bg="0x80000005" flags="0x0"/>
		<p n="selective_display_line" fg="0xB0C0B0" bg="0xFFFFFF" flags="0x0"/>
		<p n="identifier2" fg="0x0" bg="0xFFFFFF" flags="0x2000" embg="0xCFCFCF"/>
		<p n="css_class" fg="0x0" bg="0xFFFFFF" flags="0x2000" embg="0xCFCFCF"/>
		<p n="css_selector" fg="0x0" bg="0xFFFFFF" flags="0x2000" embg="0xCFCFCF"/>
		<p n="css_element" fg="0x0" bg="0xFFFFFF" flags="0x2001" embg="0xCFCFCF"/>
		<p n="css_property" fg="0xE17C00" bg="0xFFFFFF" flags="0x2000" embg="0xCFCFCF"/>
		<p n="markdown_link2" fg="0xC00060" bg="0xFFFFFF" flags="0x2000" embg="0xCFCFCF"/>
		<p n="markdown_bullet" fg="0x80" bg="0xFFFFFF" flags="0x2000" embg="0xCFCFCF"/>
		<p n="markdown_emphasis" fg="0x5F0ADE" bg="0xFFFFFF" flags="0x2000" embg="0xCFCFCF"/>
		<p n="markdown_emphasis2" fg="0x5F0ADE" bg="0xFFFFFF" flags="0x2000" embg="0xCFCFCF"/>
		<p n="tag" fg="0xE17C00" bg="0xFFFFFF" flags="0x2000" embg="0xCFCFCF"/>
		<p n="unknown_attribute" fg="0x0" bg="0xFFFFFF" flags="0x0" embg="0xCFCFCF"/>
	</profile>
</options>
