<Menus>
	<Menu Name="_grep_menu_default">
		<Modifications>
			<Modification Command="try-remove-binary" Caption="remove binary" Action="0" Prev="_grep_menu_default&gt;Show context" Next="_grep_menu_default&gt;set binary filter" ParentCaption="_grep_menu_default" SubMenu="0"/>
			<Modification Command="set-binary-filter" Caption="set binary filter" Action="0" Prev="_grep_menu_default&gt;remove binary" Next="LAST_ITEM" ParentCaption="_grep_menu_default" SubMenu="0"/>
		</Modifications>
		<Separators>
			<Separator ItemBefore="Filter Search Results..." ItemAfter="Open as Editor Window" ParentCaption="_grep_menu_default"/>
			<Separator ItemBefore="Bookmark Line" ItemAfter="Clear Window" ParentCaption="_grep_menu_default"/>
		</Separators>
		<Duplicates/>
	</Menu>
	<Menu Name="_process_menu_default">
		<Modifications>
			<Modification Command="goto-editor-window-from-build" Caption="goto" Action="0" Prev="_process_menu_default&gt;List Clipboards..." Next="_process_menu_default&gt;Edit This Menu" ParentCaption="_process_menu_default" SubMenu="0"/>
		</Modifications>
		<Separators>
			<Separator ItemBefore="Go to Error" ItemAfter="Send Compile Output to Editor Window" ParentCaption="_process_menu_default"/>
			<Separator ItemBefore="&amp;Clear Window" ItemAfter="Quick Search" ParentCaption="_process_menu_default"/>
			<Separator ItemBefore="Replace..." ItemAfter="Copy Word" ParentCaption="_process_menu_default"/>
			<Separator ItemBefore="goto" ItemAfter="Edit This Menu" ParentCaption="_process_menu_default"/>
		</Separators>
		<Duplicates/>
	</Menu>
</Menus>
