<options>
	<profile n="colorcoding_profiles.Scala" version="2">
		<p n="idchars" v="a-zA-Z_$ 0-9"/>
		<p n="comment,/*">
			<attrs end="*/" flags="multiline"/>
		</p>
		<p n='string,"'>
			<attrs end='"' escape_char="\" line_continuation_char="\"/>
		</p>
		<p n='string,(s|f|raw)"'>
			<attrs end='"' flags="regex" line_continuation_char="\">
				<iattrs type="string" embedded_lexer="Scala" start="\$\{" end="}" nest_start="{" nest_end="}" start_color="pu" end_color="pu" flags="regex multiline embedded_end_is_token dont_color_as_embedded_if_possible"/>
				<iattrs type="string" start="$$"/>
			</attrs>
		</p>
		<p n="mn_flags" v="digit_int digit_float dot_float zerox_p_float zerox_hex"/>
		<d n="comment,#!"/>
		<d n="k,macro"/>
	</profile>
</options>
