<options>
	<profile n="colorcoding_profiles.Windows PowerShell" version="2">
		<p n="string,'">
			<attrs end="'" escape_char="\"/>
		</p>
		<p n='string,"'>
			<attrs end='"' escape_char="\"/>
		</p>
		<p n="mn_flags" v="digit_int digit_float dot_float allow_hex_digits"/>
		<p n="mn_hex_suffixes" v="H"/>
		<d n="k,$foreach"/>
		<d n="k,$false"/>
		<d n="k,$stacktrace"/>
		<d n="k,$$"/>
		<d n="k,$true"/>
		<d n="k,$home"/>
		<d n="k,$args"/>
		<d n="k,$?"/>
		<d n="k,$input"/>
		<d n="k,$ofs"/>
		<d n="k,$mshhome"/>
		<d n="k,$^"/>
		<d n="k,$_"/>
		<d n="k,$error"/>
	</profile>
</options>
