<options>
	<profile n="eventtab_profiles.c" version="1">
		<p n="'C-A-S-X'" v="xretrace-reset"/>
	</profile>
	<profile n="eventtab_profiles.diff" version="1">
		<p n="'C-;'" v="toggle-scroll-with-cursor-keys"/>
	</profile>
	<profile n="eventtab_profiles.emulation-CUA" version="1">
		<p n="'F1'" v="myhelp"/>
		<p n="'F2'" v="my-comment-wrap-toggle"/>
		<p n="'F3'" v="repeat-find-word-at-cursor"/>
		<p n="'F4'" v="next-buffer-bookmark"/>
		<p n="'F5'" v="my-set-bookmark"/>
		<p n="'F6'" v="next-window"/>
		<p n="'F8'" v="select-code-block"/>
		<p n="'F9'" v="complete-prev-no-dup"/>
		<p n="'F11'" v="load-named-state"/>
		<p n="'F12'" v="alternate-buffers"/>
		<p n="'PAD-PLUS'" v="xretrace-cursor"/>
		<p n="'PAD-MINUS'" v="xretrace-cursor-back"/>
		<p n="'S-F2'" v="toggle-refs"/>
		<p n="'S-F3'" v="repeat-find-word-at-cursor-reverse"/>
		<p n="'S-F4'" v="prev-bookmark"/>
		<p n="'S-F5'" v="toggle-bookmark"/>
		<p n="'S-F6'" v="prev-window"/>
		<p n="'S-F7'" v="toggle-font"/>
		<p n="'S-F8'" v="hide-code-block"/>
		<p n="'S-F9'" v="complete-next-no-dup"/>
		<p n="'S-DEL'" v="delete-line"/>
		<p n="'S-M-V'" v="paste-replace-word"/>
		<p n="'C- '" v="search-workspace-whole-cur-word-now"/>
		<p n="'C-'''" v="execute-last-macro"/>
		<p n="'C-.'" v="preview-push-tag"/>
		<p n="'C-0'" v="alt-bookmark"/>
		<p n="'C-1'" v="alt-bookmark"/>
		<p n="'C-2'-'C-9'" v="alt-bookmark"/>
		<p n="'C-H'" v="edit-associated-file"/>
		<p n="'C-L'" v="lowcase-selection"/>
		<p n="'C-M'" v="show-xmenu2"/>
		<p n="'C-Q'" v="quick-search"/>
		<p n="'C-T'" v="transpose-chars"/>
		<p n="'C-U'" v="upcase-selection"/>
		<p n="'C-\'" v="show-my-fave-cmds3"/>
		<p n="'C-F1'" v="search-cpp-ref"/>
		<p n="'C-F2'" v="toggle-defs"/>
		<p n="'C-F3'" v="find-next-word-at-cursor"/>
		<p n="'C-F4'" v="quit"/>
		<p n="'C-F5'" v="push-bookmark"/>
		<p n="'C-F7'" v="increase-font-size"/>
		<p n="'C-F8'" v="hide-selection"/>
		<p n="'C-F9'" v="complete-prev"/>
		<p n="'C-F10'" v="open-project-file"/>
		<p n="'C-F11'" v="activate-preview"/>
		<p n="'C-BACKSPACE'" v="delete-prev-token"/>
		<p n="'C-PAD-PLUS'" v="my-plusminus"/>
		<p n="'C-PAD-MINUS'" v="xretrace-cursor-steps"/>
		<p n="'C-UP'" v="prev-proc"/>
		<p n="'C-DOWN'" v="next-proc"/>
		<p n="'C-DEL'" v="delete-next-token"/>
		<p n="'C-S-'''" v="aaa"/>
		<p n="'C-S-.'" v="push-tag"/>
		<p n="'C-S-0'-'C-S-4'" v="alt-gtbookmark"/>
		<p n="'C-S-5'-'C-S-9'" v="alt-gtbookmark"/>
		<p n="'C-S-L'" v="select-line"/>
		<p n="'C-S-M'" v="show-my-fave-cmds3"/>
		<p n="'C-S-Q'" v="quick-reverse-search"/>
		<p n="'C-S-T'" v="transpose-words"/>
		<p n="'C-S-U'" v="deselect"/>
		<p n="'C-S-Y'" v="goto-col"/>
		<p n="'C-S-F1'" v="search-devdocs-cpp"/>
		<p n="'C-S-F2'" v="toggle-bookmarks"/>
		<p n="'C-S-F3'" v="find-prev-word-at-cursor"/>
		<p n="'C-S-F4'" v="next-buffer-modified-line"/>
		<p n="'C-S-F7'" v="decrease-font-size"/>
		<p n="'C-S-F8'" v="select-paren-block"/>
		<p n="'C-S-F9'" v="complete-next"/>
		<p n="'C-S-PAD-PLUS'" v="plusminus"/>
		<p n="'C-S-PAD-MINUS'" v="show-braces"/>
		<p n="'C-S-DEL'" v="delete-end-line"/>
		<p n="'A- '" v="func-comment"/>
		<p n="'A-A'" v="show-my-fave-cmds2"/>
		<p n="'A-L'" v="lowcase-char"/>
		<p n="'A-M'" v="show-my-fave-cmds2"/>
		<p n="'A-O'" v="gui-open"/>
		<p n="'A-Q'" v="refactor-quick-rename"/>
		<p n="'A-T'" v="transpose-lines"/>
		<p n="'A-U'" v="upcase-char"/>
		<p n="'A-F1'" v="reflow-comment"/>
		<p n="'A-F2'" v="toggle-search"/>
		<p n="'A-F5'" v="pop-all-bookmarks"/>
		<p n="'A-F6'" v="show-selection"/>
		<p n="'A-F8'" v="show-all"/>
		<p n="'A-F9'" v="complete-list"/>
		<p n="'A-F12'" v="force-load"/>
		<p n="'A-ENTER'" v="what-is"/>
		<p n="'A-BACKSPACE'" v="xundo"/>
		<p n="'A-PAD-PLUS'" v="xretrace-modified-line"/>
		<p n="'A-PAD-MINUS'" v="xretrace-modified-line-steps"/>
		<p n="'A-LEFT'" v="cursor-to-prev-token"/>
		<p n="'A-RIGHT'" v="cursor-to-next-token"/>
		<p n="'A-UP'" v="scroll-up"/>
		<p n="'A-DOWN'" v="scroll-down"/>
		<p n="'A-S-B'" v="document-tab-list-buffers"/>
		<p n="'A-S-F'" v="find"/>
		<p n="'A-S-M'" v="comment"/>
		<p n="'A-S-V'" v="paste-replace-word"/>
		<p n="'A-S-F5'" v="pop-all-bookmarks"/>
		<p n="'A-S-F8'" v="hide-all-comments"/>
		<p n="'A-S-F9'" v="complete-more"/>
		<p n="'A-S-ENTER'" v="where-is"/>
		<p n="'A-S-LEFT'" v="xretrace-cursor-back"/>
		<p n="'A-S-RIGHT'" v="xretrace-cursor-fwd"/>
		<p n="'A-S-UP'" v="xretrace-modified-line-steps"/>
		<p n="'C-A-ENTER'" v="xkey-binding-trainer"/>
		<p n="'C-A-LEFT'" v="xretrace-cursor"/>
		<p n="'C-A-RIGHT'" v="xretrace-modified-line"/>
		<p n="'C-A-UP'" v="xretrace-cursor-steps"/>
		<p n="'C-A-DOWN'" v="end-proc"/>
		<p n="'C-A-S-ENTER'" v="xkey-bindings-show"/>
		<p n="'A-LBUTTON-DOWN'" v="mou-click-copy"/>
		<p n="'A-RBUTTON-DOWN'" v="show-xmenu2"/>
		<p n="'C-W' 'D'" v="dynamic-surround"/>
		<p n="'C-W' 'd'" v="dynamic-surround"/>
		<p n="'C-W' 'f'" v="find-symbol-word-at-cursor"/>
		<p n="'F10'" v="search-workspace-cur-word-now"/>
		<p n="'S-F10'" v="copy-selective-display"/>
		<p n="'S-F11'" v="save-named-state"/>
		<p n="'C-F6'" v="xfg"/>
		<p n="'C-S- '" v="autocomplete"/>
		<p n="'C-S-S'" v="save-all"/>
		<p n="'C-F12'" v="gp543"/>
		<p n="'C-ENTER'" v="my-gui-find"/>
		<p n="'C-PAD-STAR'" v="calculator"/>
		<p n="'C-S-K'" v="xappend-word-to-clipboard"/>
		<p n="'C-;'" v="toggle-scroll-with-cursor-keys"/>
		<p n="'C-WHEEL-DOWN'" v="xscroll-down"/>
		<p n="'C-WHEEL-UP'" v="xscroll-up"/>
		<d n="'C-S-1'-'C-S-9'"/>
		<d n="'C-1'-'C-9'"/>
	</profile>
	<profile n="eventtab_profiles.gpgrep4" version="1">
		<p n="'ENTER'" v="xgrep-goto"/>
	</profile>
	<profile n="eventtab_profiles.grep" version="1">
		<p n="'ENTER'" v="grep-goto"/>
	</profile>
	<profile n="eventtab_profiles.java" version="1">
		<p n="'('" v="java-auto-functionhelp-key"/>
	</profile>
	<profile n="eventtab_profiles.markdown" version="1">
		<p n="' '" v="ext-keys"/>
	</profile>
	<profile n="eventtab_profiles.process" version="1">
		<p n="'C-S-F4'" v="clear-pbuffer"/>
	</profile>
	<profile n="eventtab_profiles.qbasic" version="1">
		<p n="'C- '" v="codehelp-complete"/>
	</profile>
	<profile n="eventtab_profiles.systemverilog" version="1">
		<p n="'C- '" v="codehelp-complete"/>
	</profile>
	<profile n="eventtab_profiles.vera" version="1">
		<p n="'C- '" v="codehelp-complete"/>
	</profile>
	<profile n="eventtab_profiles.verilog" version="1">
		<p n="'C- '" v="codehelp-complete"/>
	</profile>
</options>
