<options>
	<profile n="language.d.aliases" version="1">
		<p n="=surround_with_union">
			<text>union {
%\m sur_text -indent%
} %\c;</text>
		</p>
		<p n="=surround_with_say">
			<text>say('%\m sur_text -stripend ;% "'%\m sur_text -stripend ;%'"');</text>
		</p>
		<p n="=surround_with_struct">
			<text>struct {
%\m sur_text -indent%
} %\c;</text>
		</p>
		<p n="=surround_with_if_condition">
			<text>if (%\m sur_text -stripend ;%) {
%\i%\c
}</text>
		</p>
		<d n="=surround_with_static_if...else"/>
		<d n="=surround_with_try"/>
		<d n="=surround_with_foreach"/>
		<d n="=surround_with_version...else"/>
		<d n="=surround_with_foreach_reverse"/>
		<d n="=surround_with_with"/>
		<d n="=surround_with_try...catch...finally"/>
		<d n="=surround_with_version"/>
		<d n="=surround_with_try...finally"/>
		<d n="=surround_with_template"/>
		<d n="=surround_with_finally"/>
		<d n="=surround_with_try...catch"/>
		<d n="=surround_with_catch"/>
	</profile>
</options>
