<options>
	<profile n="misc.aliases" version="1">
		<p n="filecomment">
			<text>/*******************************************************************
 *
 *    DESCRIPTION:%\c
 *
 *    AUTHOR:
 *
 *    HISTORY:
 *
 *    DATE:%\d
 *
 *******************************************************************/
%\l
/** include files **/
%\l
/** local definitions **/
%\l
/* default settings */
%\l
/** external functions **/
%\l
/** external data **/
%\l
/** internal functions **/
%\l
/** public data **/
%\l
/** private data **/
%\l
/** public functions **/
%\l
/** private functions **/</text>
		</p>
		<p n="functioncomment">
			<params>
				<param n="fname" default="" prompt="Function Name:"/>
			</params>
			<text>/*
 *Function Name:%(fname)
 *
 *Parameters:%\c
 *
 *Description:
 *
 *Returns:
 *
 */</text>
		</p>
		<p n="funccom">
			<text>/*******************************************************************************
 * FUNCTION NAME : %\o
 * %\S
 * DESCRIPTION : %\S
 *     %\c
 *
 * INPUTS : %\u
 *     @param %\p %\c
 *
 * OUTPUTS : %\v
 *     @return %\r %\c%\v
 *
 ******************************************************************************/</text>
		</p>
		<p n="gp1">
			<text>c:\gp\dev\slickconfig\</text>
		</p>
	</profile>
</options>
