<Toolbars>
	<Toolbar Name="_tbstandard_form">
		<Modifications>
			<Modification Command="wfont_zoom_in" Action="0" Message="Increase the Font Size for the Current Editor Window" Prev="help -contents" Next="wfont_zoom_out" Picture="bbzoomin.svg" Type="0"/>
			<Modification Command="wfont_zoom_out" Action="0" Message="Decrease the Font Size for the Current Editor Window" Prev="wfont_zoom_in" Next="LAST_ITEM" Picture="bbzoomout.svg" Type="0"/>
		</Modifications>
		<Separators>
			<Separator ItemBefore="gui-print" ItemAfter="cut" Size="1"/>
			<Separator ItemBefore="select-code-block" ItemAfter="undo" Size="1"/>
			<Separator ItemBefore="forward" ItemAfter="gui-find" Size="1"/>
			<Separator ItemBefore="gui-replace" ItemAfter="fullscreen" Size="1"/>
		</Separators>
		<Duplicates>
			<Duplicate Command="history-diff-machine-file" Action="3" Message="List Backup History for Current File" Prev="history-diff-machine-file" Next="gui-print" Picture="bbsave_history.svg" Type="0"/>
		</Duplicates>
	</Toolbar>
	<Toolbar Name="_tbtagging_form">
		<Duplicates>
			<Duplicate Command="push-alttag" Action="3" Message="Go to Declaration" Prev="push-alttag" Next="pop-bookmark" Picture="bbpush_decl.svg" Type="0"/>
		</Duplicates>
	</Toolbar>
	<Toolbar Name="_tbvc_form">
		<Modifications>
			<Modification Command="svc-diff-current-symbol-with-tip" Action="1"/>
			<Modification Command="svc-diff-current-symbol_with-tip" Action="0" Message="Diff the current symbol with the most recent version" Prev="svc-diff-with-tip" Next="svc-diff-symbols-with-tip" Picture="bbvc_diff_symbol.svg" Type="0"/>
		</Modifications>
		<Separators>
			<Separator ItemBefore="svc-history" ItemAfter="svc-commit" Size="1"/>
			<Separator ItemBefore="vcunlock" ItemAfter="svc-update" Size="1"/>
			<Separator ItemBefore="svc-gui-mfupdate-workspace" ItemAfter="svc-add" Size="1"/>
		</Separators>
		<Duplicates/>
	</Toolbar>
	<Toolbar Name="_tbandroid_form">
		<Modifications>
			<Modification Command="android_avd_manager" Action="0" Message="Launch Android Virtual Device Manager" Prev="FIRST_ITEM" Next="android_sdk_manager" Picture="bbandroid_avd.svg" Type="0"/>
			<Modification Command="android_sdk_manager" Action="0" Message="Launch Android SDK Manager" Prev="android_avd_manager" Next="android-avd-manager" Picture="bbandroid_sdk.svg" Type="0"/>
			<Modification Command="android_ddms" Action="0" Message="Launch DDMS (Dalvik Debug Monitor)" Prev="android-ddms" Next="LAST_ITEM" Picture="bbandroid_ddms.svg" Type="0"/>
		</Modifications>
		<Duplicates/>
	</Toolbar>
</Toolbars>
